Nombre,Email,Tel√©fono,Instagram,Discord,Twitter,LinkedIn
ddasd,dwe,dew,dwe,dwe,dew,dew
remal,das,das,dsa,das,dsa,dsa
mal,dsa,das,festivalterminado,dsa,das,das
mi nuevo usr,user@gmail.com,oidhjaiodhjo,pepepepepepe,460702684094136320,,iouh
AAAAAAAAAA,padjkwpaowdk,poawdpojadw,d.pereezz_,460702684094136320,awd,awdawd
julioPRUEBA,nada,nada,festivalterminado,nada,Juliobp123,nada
fwerfer,ferferferfer,ferfer,,,,
djabeofnd,judwe@f.com,098098098,dwq,dqw,dqw,dqw
rwer,gtkgo@g.com,123123123,,,,
borrame,borrame@gmail.com,123123123,,,,
aaa4,s@d.co,123123123,ew1,we1,ew1423,we1
prueba,oihjawdhi,oihawd,oihoadkl,hihaidh,iuhdaiuwdh,ihaoihd
paramichat,joajwdo,aoijwdoi,oaijwdio,awdjio,,
piedra,joiajwd,oijawdoij,,lunes,,martes
12,12,12,,,,
123123,3213,123213,123123213,,,
